,Compound,Date,Negative,Neutral,Positive,Tweets Ago,User
0,-0.5423,Sun Dec 24 21:43:10 +0000 2017,0.8,0.2,0.0,1,@BBC
1,-0.3182,Sun Dec 24 20:03:04 +0000 2017,0.909,0.091,0.0,2,@BBC
2,0.3182,Sun Dec 24 19:33:04 +0000 2017,0.881,0.0,0.119,3,@BBC
3,0.7845,Sun Dec 24 19:03:04 +0000 2017,0.622,0.0,0.378,4,@BBC
4,0.8655,Sun Dec 24 18:57:04 +0000 2017,0.508,0.0,0.492,5,@BBC
5,0.6369,Sun Dec 24 18:33:04 +0000 2017,0.811,0.0,0.189,6,@BBC
6,0.5859,Sun Dec 24 18:21:06 +0000 2017,0.858,0.0,0.142,7,@BBC
7,-0.6486,Sun Dec 24 18:18:37 +0000 2017,0.762,0.238,0.0,8,@BBC
8,0.7096,Sun Dec 24 17:32:03 +0000 2017,0.699,0.0,0.301,9,@BBC
9,0.8357,Sun Dec 24 16:48:03 +0000 2017,0.619,0.055,0.326,10,@BBC
10,-0.25,Sun Dec 24 16:29:50 +0000 2017,0.8,0.2,0.0,11,@BBC
11,0.0,Sun Dec 24 16:26:49 +0000 2017,1.0,0.0,0.0,12,@BBC
12,-0.3182,Sun Dec 24 16:00:01 +0000 2017,0.753,0.247,0.0,13,@BBC
13,-0.0516,Sun Dec 24 15:00:08 +0000 2017,0.625,0.194,0.181,14,@BBC
14,0.3182,Sun Dec 24 14:30:09 +0000 2017,0.859,0.0,0.141,15,@BBC
15,0.5423,Sun Dec 24 14:00:05 +0000 2017,0.622,0.105,0.273,16,@BBC
16,0.4404,Sun Dec 24 13:30:02 +0000 2017,0.847,0.0,0.153,17,@BBC
17,0.0,Sun Dec 24 12:35:04 +0000 2017,1.0,0.0,0.0,18,@BBC
18,-0.6588,Sun Dec 24 12:02:43 +0000 2017,0.827,0.173,0.0,19,@BBC
19,0.3818,Sun Dec 24 12:02:29 +0000 2017,0.843,0.0,0.157,20,@BBC
20,-0.5423,Sun Dec 24 21:43:10 +0000 2017,0.8,0.2,0.0,21,@BBC
21,-0.3182,Sun Dec 24 20:03:04 +0000 2017,0.909,0.091,0.0,22,@BBC
22,0.3182,Sun Dec 24 19:33:04 +0000 2017,0.881,0.0,0.119,23,@BBC
23,0.7845,Sun Dec 24 19:03:04 +0000 2017,0.622,0.0,0.378,24,@BBC
24,0.8655,Sun Dec 24 18:57:04 +0000 2017,0.508,0.0,0.492,25,@BBC
25,0.6369,Sun Dec 24 18:33:04 +0000 2017,0.811,0.0,0.189,26,@BBC
26,0.5859,Sun Dec 24 18:21:06 +0000 2017,0.858,0.0,0.142,27,@BBC
27,-0.6486,Sun Dec 24 18:18:37 +0000 2017,0.762,0.238,0.0,28,@BBC
28,0.7096,Sun Dec 24 17:32:03 +0000 2017,0.699,0.0,0.301,29,@BBC
29,0.8357,Sun Dec 24 16:48:03 +0000 2017,0.619,0.055,0.326,30,@BBC
30,-0.25,Sun Dec 24 16:29:50 +0000 2017,0.8,0.2,0.0,31,@BBC
31,0.0,Sun Dec 24 16:26:49 +0000 2017,1.0,0.0,0.0,32,@BBC
32,-0.3182,Sun Dec 24 16:00:01 +0000 2017,0.753,0.247,0.0,33,@BBC
33,-0.0516,Sun Dec 24 15:00:08 +0000 2017,0.625,0.194,0.181,34,@BBC
34,0.3182,Sun Dec 24 14:30:09 +0000 2017,0.859,0.0,0.141,35,@BBC
35,0.5423,Sun Dec 24 14:00:05 +0000 2017,0.622,0.105,0.273,36,@BBC
36,0.4404,Sun Dec 24 13:30:02 +0000 2017,0.847,0.0,0.153,37,@BBC
37,0.0,Sun Dec 24 12:35:04 +0000 2017,1.0,0.0,0.0,38,@BBC
38,-0.6588,Sun Dec 24 12:02:43 +0000 2017,0.827,0.173,0.0,39,@BBC
39,0.3818,Sun Dec 24 12:02:29 +0000 2017,0.843,0.0,0.157,40,@BBC
40,-0.5423,Sun Dec 24 21:43:10 +0000 2017,0.8,0.2,0.0,41,@BBC
41,-0.3182,Sun Dec 24 20:03:04 +0000 2017,0.909,0.091,0.0,42,@BBC
42,0.3182,Sun Dec 24 19:33:04 +0000 2017,0.881,0.0,0.119,43,@BBC
43,0.7845,Sun Dec 24 19:03:04 +0000 2017,0.622,0.0,0.378,44,@BBC
44,0.8655,Sun Dec 24 18:57:04 +0000 2017,0.508,0.0,0.492,45,@BBC
45,0.6369,Sun Dec 24 18:33:04 +0000 2017,0.811,0.0,0.189,46,@BBC
46,0.5859,Sun Dec 24 18:21:06 +0000 2017,0.858,0.0,0.142,47,@BBC
47,-0.6486,Sun Dec 24 18:18:37 +0000 2017,0.762,0.238,0.0,48,@BBC
48,0.7096,Sun Dec 24 17:32:03 +0000 2017,0.699,0.0,0.301,49,@BBC
49,0.8357,Sun Dec 24 16:48:03 +0000 2017,0.619,0.055,0.326,50,@BBC
50,-0.25,Sun Dec 24 16:29:50 +0000 2017,0.8,0.2,0.0,51,@BBC
51,0.0,Sun Dec 24 16:26:49 +0000 2017,1.0,0.0,0.0,52,@BBC
52,-0.3182,Sun Dec 24 16:00:01 +0000 2017,0.753,0.247,0.0,53,@BBC
53,-0.0516,Sun Dec 24 15:00:08 +0000 2017,0.625,0.194,0.181,54,@BBC
54,0.3182,Sun Dec 24 14:30:09 +0000 2017,0.859,0.0,0.141,55,@BBC
55,0.5423,Sun Dec 24 14:00:05 +0000 2017,0.622,0.105,0.273,56,@BBC
56,0.4404,Sun Dec 24 13:30:02 +0000 2017,0.847,0.0,0.153,57,@BBC
57,0.0,Sun Dec 24 12:35:04 +0000 2017,1.0,0.0,0.0,58,@BBC
58,-0.6588,Sun Dec 24 12:02:43 +0000 2017,0.827,0.173,0.0,59,@BBC
59,0.3818,Sun Dec 24 12:02:29 +0000 2017,0.843,0.0,0.157,60,@BBC
60,-0.5423,Sun Dec 24 21:43:10 +0000 2017,0.8,0.2,0.0,61,@BBC
61,-0.3182,Sun Dec 24 20:03:04 +0000 2017,0.909,0.091,0.0,62,@BBC
62,0.3182,Sun Dec 24 19:33:04 +0000 2017,0.881,0.0,0.119,63,@BBC
63,0.7845,Sun Dec 24 19:03:04 +0000 2017,0.622,0.0,0.378,64,@BBC
64,0.8655,Sun Dec 24 18:57:04 +0000 2017,0.508,0.0,0.492,65,@BBC
65,0.6369,Sun Dec 24 18:33:04 +0000 2017,0.811,0.0,0.189,66,@BBC
66,0.5859,Sun Dec 24 18:21:06 +0000 2017,0.858,0.0,0.142,67,@BBC
67,-0.6486,Sun Dec 24 18:18:37 +0000 2017,0.762,0.238,0.0,68,@BBC
68,0.7096,Sun Dec 24 17:32:03 +0000 2017,0.699,0.0,0.301,69,@BBC
69,0.8357,Sun Dec 24 16:48:03 +0000 2017,0.619,0.055,0.326,70,@BBC
70,-0.25,Sun Dec 24 16:29:50 +0000 2017,0.8,0.2,0.0,71,@BBC
71,0.0,Sun Dec 24 16:26:49 +0000 2017,1.0,0.0,0.0,72,@BBC
72,-0.3182,Sun Dec 24 16:00:01 +0000 2017,0.753,0.247,0.0,73,@BBC
73,-0.0516,Sun Dec 24 15:00:08 +0000 2017,0.625,0.194,0.181,74,@BBC
74,0.3182,Sun Dec 24 14:30:09 +0000 2017,0.859,0.0,0.141,75,@BBC
75,0.5423,Sun Dec 24 14:00:05 +0000 2017,0.622,0.105,0.273,76,@BBC
76,0.4404,Sun Dec 24 13:30:02 +0000 2017,0.847,0.0,0.153,77,@BBC
77,0.0,Sun Dec 24 12:35:04 +0000 2017,1.0,0.0,0.0,78,@BBC
78,-0.6588,Sun Dec 24 12:02:43 +0000 2017,0.827,0.173,0.0,79,@BBC
79,0.3818,Sun Dec 24 12:02:29 +0000 2017,0.843,0.0,0.157,80,@BBC
80,-0.5423,Sun Dec 24 21:43:10 +0000 2017,0.8,0.2,0.0,81,@BBC
81,-0.3182,Sun Dec 24 20:03:04 +0000 2017,0.909,0.091,0.0,82,@BBC
82,0.3182,Sun Dec 24 19:33:04 +0000 2017,0.881,0.0,0.119,83,@BBC
83,0.7845,Sun Dec 24 19:03:04 +0000 2017,0.622,0.0,0.378,84,@BBC
84,0.8655,Sun Dec 24 18:57:04 +0000 2017,0.508,0.0,0.492,85,@BBC
85,0.6369,Sun Dec 24 18:33:04 +0000 2017,0.811,0.0,0.189,86,@BBC
86,0.5859,Sun Dec 24 18:21:06 +0000 2017,0.858,0.0,0.142,87,@BBC
87,-0.6486,Sun Dec 24 18:18:37 +0000 2017,0.762,0.238,0.0,88,@BBC
88,0.7096,Sun Dec 24 17:32:03 +0000 2017,0.699,0.0,0.301,89,@BBC
89,0.8357,Sun Dec 24 16:48:03 +0000 2017,0.619,0.055,0.326,90,@BBC
90,-0.25,Sun Dec 24 16:29:50 +0000 2017,0.8,0.2,0.0,91,@BBC
91,0.0,Sun Dec 24 16:26:49 +0000 2017,1.0,0.0,0.0,92,@BBC
92,-0.3182,Sun Dec 24 16:00:01 +0000 2017,0.753,0.247,0.0,93,@BBC
93,-0.0516,Sun Dec 24 15:00:08 +0000 2017,0.625,0.194,0.181,94,@BBC
94,0.3182,Sun Dec 24 14:30:09 +0000 2017,0.859,0.0,0.141,95,@BBC
95,0.5423,Sun Dec 24 14:00:05 +0000 2017,0.622,0.105,0.273,96,@BBC
96,0.4404,Sun Dec 24 13:30:02 +0000 2017,0.847,0.0,0.153,97,@BBC
97,0.0,Sun Dec 24 12:35:04 +0000 2017,1.0,0.0,0.0,98,@BBC
98,-0.6588,Sun Dec 24 12:02:43 +0000 2017,0.827,0.173,0.0,99,@BBC
99,0.3818,Sun Dec 24 12:02:29 +0000 2017,0.843,0.0,0.157,100,@BBC
100,-0.2263,Mon Dec 25 00:48:24 +0000 2017,0.899,0.101,0.0,1,@CBS
101,0.7574,Sun Dec 24 20:40:42 +0000 2017,0.711,0.0,0.289,2,@CBS
102,0.7974,Sun Dec 24 14:17:43 +0000 2017,0.727,0.0,0.273,3,@CBS
103,0.0,Sun Dec 24 12:30:02 +0000 2017,1.0,0.0,0.0,4,@CBS
104,0.0,Sat Dec 23 16:21:17 +0000 2017,1.0,0.0,0.0,5,@CBS
105,0.8236,Sat Dec 23 15:00:02 +0000 2017,0.714,0.0,0.286,6,@CBS
106,0.7712,Sat Dec 23 12:37:04 +0000 2017,0.645,0.0,0.355,7,@CBS
107,0.743,Sat Dec 23 07:24:44 +0000 2017,0.583,0.107,0.311,8,@CBS
108,0.8687,Sat Dec 23 06:39:45 +0000 2017,0.635,0.0,0.365,9,@CBS
109,-0.1531,Sat Dec 23 01:38:37 +0000 2017,0.769,0.127,0.104,10,@CBS
110,0.9422,Sat Dec 23 00:39:52 +0000 2017,0.531,0.0,0.469,11,@CBS
111,0.6588,Fri Dec 22 19:35:35 +0000 2017,0.759,0.0,0.241,12,@CBS
112,0.6597,Fri Dec 22 18:03:20 +0000 2017,0.722,0.0,0.278,13,@CBS
113,0.5255,Fri Dec 22 14:04:52 +0000 2017,0.841,0.0,0.159,14,@CBS
114,0.8718,Thu Dec 21 12:04:04 +0000 2017,0.632,0.0,0.368,15,@CBS
115,0.6597,Thu Dec 21 01:04:27 +0000 2017,0.787,0.0,0.213,16,@CBS
116,0.3818,Wed Dec 20 23:00:04 +0000 2017,0.843,0.0,0.157,17,@CBS
117,0.743,Wed Dec 20 21:08:10 +0000 2017,0.751,0.0,0.249,18,@CBS
118,0.7222,Wed Dec 20 20:10:15 +0000 2017,0.719,0.0,0.281,19,@CBS
119,0.0,Wed Dec 20 19:31:47 +0000 2017,1.0,0.0,0.0,20,@CBS
120,-0.2263,Mon Dec 25 00:48:24 +0000 2017,0.899,0.101,0.0,21,@CBS
121,0.7574,Sun Dec 24 20:40:42 +0000 2017,0.711,0.0,0.289,22,@CBS
122,0.7974,Sun Dec 24 14:17:43 +0000 2017,0.727,0.0,0.273,23,@CBS
123,0.0,Sun Dec 24 12:30:02 +0000 2017,1.0,0.0,0.0,24,@CBS
124,0.0,Sat Dec 23 16:21:17 +0000 2017,1.0,0.0,0.0,25,@CBS
125,0.8236,Sat Dec 23 15:00:02 +0000 2017,0.714,0.0,0.286,26,@CBS
126,0.7712,Sat Dec 23 12:37:04 +0000 2017,0.645,0.0,0.355,27,@CBS
127,0.743,Sat Dec 23 07:24:44 +0000 2017,0.583,0.107,0.311,28,@CBS
128,0.8687,Sat Dec 23 06:39:45 +0000 2017,0.635,0.0,0.365,29,@CBS
129,-0.1531,Sat Dec 23 01:38:37 +0000 2017,0.769,0.127,0.104,30,@CBS
130,0.9422,Sat Dec 23 00:39:52 +0000 2017,0.531,0.0,0.469,31,@CBS
131,0.6588,Fri Dec 22 19:35:35 +0000 2017,0.759,0.0,0.241,32,@CBS
132,0.6597,Fri Dec 22 18:03:20 +0000 2017,0.722,0.0,0.278,33,@CBS
133,0.5255,Fri Dec 22 14:04:52 +0000 2017,0.841,0.0,0.159,34,@CBS
134,0.8718,Thu Dec 21 12:04:04 +0000 2017,0.632,0.0,0.368,35,@CBS
135,0.6597,Thu Dec 21 01:04:27 +0000 2017,0.787,0.0,0.213,36,@CBS
136,0.3818,Wed Dec 20 23:00:04 +0000 2017,0.843,0.0,0.157,37,@CBS
137,0.743,Wed Dec 20 21:08:10 +0000 2017,0.751,0.0,0.249,38,@CBS
138,0.7222,Wed Dec 20 20:10:15 +0000 2017,0.719,0.0,0.281,39,@CBS
139,0.0,Wed Dec 20 19:31:47 +0000 2017,1.0,0.0,0.0,40,@CBS
140,-0.2263,Mon Dec 25 00:48:24 +0000 2017,0.899,0.101,0.0,41,@CBS
141,0.7574,Sun Dec 24 20:40:42 +0000 2017,0.711,0.0,0.289,42,@CBS
142,0.7974,Sun Dec 24 14:17:43 +0000 2017,0.727,0.0,0.273,43,@CBS
143,0.0,Sun Dec 24 12:30:02 +0000 2017,1.0,0.0,0.0,44,@CBS
144,0.0,Sat Dec 23 16:21:17 +0000 2017,1.0,0.0,0.0,45,@CBS
145,0.8236,Sat Dec 23 15:00:02 +0000 2017,0.714,0.0,0.286,46,@CBS
146,0.7712,Sat Dec 23 12:37:04 +0000 2017,0.645,0.0,0.355,47,@CBS
147,0.743,Sat Dec 23 07:24:44 +0000 2017,0.583,0.107,0.311,48,@CBS
148,0.8687,Sat Dec 23 06:39:45 +0000 2017,0.635,0.0,0.365,49,@CBS
149,-0.1531,Sat Dec 23 01:38:37 +0000 2017,0.769,0.127,0.104,50,@CBS
150,0.9422,Sat Dec 23 00:39:52 +0000 2017,0.531,0.0,0.469,51,@CBS
151,0.6588,Fri Dec 22 19:35:35 +0000 2017,0.759,0.0,0.241,52,@CBS
152,0.6597,Fri Dec 22 18:03:20 +0000 2017,0.722,0.0,0.278,53,@CBS
153,0.5255,Fri Dec 22 14:04:52 +0000 2017,0.841,0.0,0.159,54,@CBS
154,0.8718,Thu Dec 21 12:04:04 +0000 2017,0.632,0.0,0.368,55,@CBS
155,0.6597,Thu Dec 21 01:04:27 +0000 2017,0.787,0.0,0.213,56,@CBS
156,0.3818,Wed Dec 20 23:00:04 +0000 2017,0.843,0.0,0.157,57,@CBS
157,0.743,Wed Dec 20 21:08:10 +0000 2017,0.751,0.0,0.249,58,@CBS
158,0.7222,Wed Dec 20 20:10:15 +0000 2017,0.719,0.0,0.281,59,@CBS
159,0.0,Wed Dec 20 19:31:47 +0000 2017,1.0,0.0,0.0,60,@CBS
160,-0.2263,Mon Dec 25 00:48:24 +0000 2017,0.899,0.101,0.0,61,@CBS
161,0.7574,Sun Dec 24 20:40:42 +0000 2017,0.711,0.0,0.289,62,@CBS
162,0.7974,Sun Dec 24 14:17:43 +0000 2017,0.727,0.0,0.273,63,@CBS
163,0.0,Sun Dec 24 12:30:02 +0000 2017,1.0,0.0,0.0,64,@CBS
164,0.0,Sat Dec 23 16:21:17 +0000 2017,1.0,0.0,0.0,65,@CBS
165,0.8236,Sat Dec 23 15:00:02 +0000 2017,0.714,0.0,0.286,66,@CBS
166,0.7712,Sat Dec 23 12:37:04 +0000 2017,0.645,0.0,0.355,67,@CBS
167,0.743,Sat Dec 23 07:24:44 +0000 2017,0.583,0.107,0.311,68,@CBS
168,0.8687,Sat Dec 23 06:39:45 +0000 2017,0.635,0.0,0.365,69,@CBS
169,-0.1531,Sat Dec 23 01:38:37 +0000 2017,0.769,0.127,0.104,70,@CBS
170,0.9422,Sat Dec 23 00:39:52 +0000 2017,0.531,0.0,0.469,71,@CBS
171,0.6588,Fri Dec 22 19:35:35 +0000 2017,0.759,0.0,0.241,72,@CBS
172,0.6597,Fri Dec 22 18:03:20 +0000 2017,0.722,0.0,0.278,73,@CBS
173,0.5255,Fri Dec 22 14:04:52 +0000 2017,0.841,0.0,0.159,74,@CBS
174,0.8718,Thu Dec 21 12:04:04 +0000 2017,0.632,0.0,0.368,75,@CBS
175,0.6597,Thu Dec 21 01:04:27 +0000 2017,0.787,0.0,0.213,76,@CBS
176,0.3818,Wed Dec 20 23:00:04 +0000 2017,0.843,0.0,0.157,77,@CBS
177,0.743,Wed Dec 20 21:08:10 +0000 2017,0.751,0.0,0.249,78,@CBS
178,0.7222,Wed Dec 20 20:10:15 +0000 2017,0.719,0.0,0.281,79,@CBS
179,0.0,Wed Dec 20 19:31:47 +0000 2017,1.0,0.0,0.0,80,@CBS
180,-0.2263,Mon Dec 25 00:48:24 +0000 2017,0.899,0.101,0.0,81,@CBS
181,0.7574,Sun Dec 24 20:40:42 +0000 2017,0.711,0.0,0.289,82,@CBS
182,0.7974,Sun Dec 24 14:17:43 +0000 2017,0.727,0.0,0.273,83,@CBS
183,0.0,Sun Dec 24 12:30:02 +0000 2017,1.0,0.0,0.0,84,@CBS
184,0.0,Sat Dec 23 16:21:17 +0000 2017,1.0,0.0,0.0,85,@CBS
185,0.8236,Sat Dec 23 15:00:02 +0000 2017,0.714,0.0,0.286,86,@CBS
186,0.7712,Sat Dec 23 12:37:04 +0000 2017,0.645,0.0,0.355,87,@CBS
187,0.743,Sat Dec 23 07:24:44 +0000 2017,0.583,0.107,0.311,88,@CBS
188,0.8687,Sat Dec 23 06:39:45 +0000 2017,0.635,0.0,0.365,89,@CBS
189,-0.1531,Sat Dec 23 01:38:37 +0000 2017,0.769,0.127,0.104,90,@CBS
190,0.9422,Sat Dec 23 00:39:52 +0000 2017,0.531,0.0,0.469,91,@CBS
191,0.6588,Fri Dec 22 19:35:35 +0000 2017,0.759,0.0,0.241,92,@CBS
192,0.6597,Fri Dec 22 18:03:20 +0000 2017,0.722,0.0,0.278,93,@CBS
193,0.5255,Fri Dec 22 14:04:52 +0000 2017,0.841,0.0,0.159,94,@CBS
194,0.8718,Thu Dec 21 12:04:04 +0000 2017,0.632,0.0,0.368,95,@CBS
195,0.6597,Thu Dec 21 01:04:27 +0000 2017,0.787,0.0,0.213,96,@CBS
196,0.3818,Wed Dec 20 23:00:04 +0000 2017,0.843,0.0,0.157,97,@CBS
197,0.743,Wed Dec 20 21:08:10 +0000 2017,0.751,0.0,0.249,98,@CBS
198,0.7222,Wed Dec 20 20:10:15 +0000 2017,0.719,0.0,0.281,99,@CBS
199,0.0,Wed Dec 20 19:31:47 +0000 2017,1.0,0.0,0.0,100,@CBS
200,0.875,Mon Dec 25 04:38:26 +0000 2017,0.375,0.0,0.625,1,@CNN
201,0.6705,Mon Dec 25 04:30:48 +0000 2017,0.533,0.111,0.356,2,@CNN
202,0.0,Mon Dec 25 04:23:41 +0000 2017,1.0,0.0,0.0,3,@CNN
203,0.0,Mon Dec 25 04:09:37 +0000 2017,1.0,0.0,0.0,4,@CNN
204,0.0,Mon Dec 25 04:00:21 +0000 2017,1.0,0.0,0.0,5,@CNN
205,-0.5994,Mon Dec 25 03:37:23 +0000 2017,0.738,0.262,0.0,6,@CNN
206,0.0,Mon Dec 25 03:30:12 +0000 2017,1.0,0.0,0.0,7,@CNN
207,0.0,Mon Dec 25 03:22:03 +0000 2017,1.0,0.0,0.0,8,@CNN
208,-0.765,Mon Dec 25 03:11:06 +0000 2017,0.613,0.325,0.061,9,@CNN
209,-0.7947,Mon Dec 25 03:00:15 +0000 2017,0.665,0.335,0.0,10,@CNN
210,0.0,Mon Dec 25 02:31:29 +0000 2017,1.0,0.0,0.0,11,@CNN
211,0.25,Mon Dec 25 02:10:33 +0000 2017,0.833,0.0,0.167,12,@CNN
212,0.0,Mon Dec 25 02:00:28 +0000 2017,1.0,0.0,0.0,13,@CNN
213,0.0,Mon Dec 25 01:52:03 +0000 2017,1.0,0.0,0.0,14,@CNN
214,0.0,Mon Dec 25 01:49:14 +0000 2017,1.0,0.0,0.0,15,@CNN
215,0.0,Mon Dec 25 01:37:01 +0000 2017,1.0,0.0,0.0,16,@CNN
216,0.0,Mon Dec 25 01:30:16 +0000 2017,1.0,0.0,0.0,17,@CNN
217,0.0,Mon Dec 25 01:23:06 +0000 2017,1.0,0.0,0.0,18,@CNN
218,-0.2732,Mon Dec 25 01:13:41 +0000 2017,0.811,0.189,0.0,19,@CNN
219,0.0,Mon Dec 25 01:01:11 +0000 2017,1.0,0.0,0.0,20,@CNN
220,0.875,Mon Dec 25 04:38:26 +0000 2017,0.375,0.0,0.625,21,@CNN
221,0.6705,Mon Dec 25 04:30:48 +0000 2017,0.533,0.111,0.356,22,@CNN
222,0.0,Mon Dec 25 04:23:41 +0000 2017,1.0,0.0,0.0,23,@CNN
223,0.0,Mon Dec 25 04:09:37 +0000 2017,1.0,0.0,0.0,24,@CNN
224,0.0,Mon Dec 25 04:00:21 +0000 2017,1.0,0.0,0.0,25,@CNN
225,-0.5994,Mon Dec 25 03:37:23 +0000 2017,0.738,0.262,0.0,26,@CNN
226,0.0,Mon Dec 25 03:30:12 +0000 2017,1.0,0.0,0.0,27,@CNN
227,0.0,Mon Dec 25 03:22:03 +0000 2017,1.0,0.0,0.0,28,@CNN
228,-0.765,Mon Dec 25 03:11:06 +0000 2017,0.613,0.325,0.061,29,@CNN
229,-0.7947,Mon Dec 25 03:00:15 +0000 2017,0.665,0.335,0.0,30,@CNN
230,0.0,Mon Dec 25 02:31:29 +0000 2017,1.0,0.0,0.0,31,@CNN
231,0.25,Mon Dec 25 02:10:33 +0000 2017,0.833,0.0,0.167,32,@CNN
232,0.0,Mon Dec 25 02:00:28 +0000 2017,1.0,0.0,0.0,33,@CNN
233,0.0,Mon Dec 25 01:52:03 +0000 2017,1.0,0.0,0.0,34,@CNN
234,0.0,Mon Dec 25 01:49:14 +0000 2017,1.0,0.0,0.0,35,@CNN
235,0.0,Mon Dec 25 01:37:01 +0000 2017,1.0,0.0,0.0,36,@CNN
236,0.0,Mon Dec 25 01:30:16 +0000 2017,1.0,0.0,0.0,37,@CNN
237,0.0,Mon Dec 25 01:23:06 +0000 2017,1.0,0.0,0.0,38,@CNN
238,-0.2732,Mon Dec 25 01:13:41 +0000 2017,0.811,0.189,0.0,39,@CNN
239,0.0,Mon Dec 25 01:01:11 +0000 2017,1.0,0.0,0.0,40,@CNN
240,0.875,Mon Dec 25 04:38:26 +0000 2017,0.375,0.0,0.625,41,@CNN
241,0.6705,Mon Dec 25 04:30:48 +0000 2017,0.533,0.111,0.356,42,@CNN
242,0.0,Mon Dec 25 04:23:41 +0000 2017,1.0,0.0,0.0,43,@CNN
243,0.0,Mon Dec 25 04:09:37 +0000 2017,1.0,0.0,0.0,44,@CNN
244,0.0,Mon Dec 25 04:00:21 +0000 2017,1.0,0.0,0.0,45,@CNN
245,-0.5994,Mon Dec 25 03:37:23 +0000 2017,0.738,0.262,0.0,46,@CNN
246,0.0,Mon Dec 25 03:30:12 +0000 2017,1.0,0.0,0.0,47,@CNN
247,0.0,Mon Dec 25 03:22:03 +0000 2017,1.0,0.0,0.0,48,@CNN
248,-0.765,Mon Dec 25 03:11:06 +0000 2017,0.613,0.325,0.061,49,@CNN
249,-0.7947,Mon Dec 25 03:00:15 +0000 2017,0.665,0.335,0.0,50,@CNN
250,0.0,Mon Dec 25 02:31:29 +0000 2017,1.0,0.0,0.0,51,@CNN
251,0.25,Mon Dec 25 02:10:33 +0000 2017,0.833,0.0,0.167,52,@CNN
252,0.0,Mon Dec 25 02:00:28 +0000 2017,1.0,0.0,0.0,53,@CNN
253,0.0,Mon Dec 25 01:52:03 +0000 2017,1.0,0.0,0.0,54,@CNN
254,0.0,Mon Dec 25 01:49:14 +0000 2017,1.0,0.0,0.0,55,@CNN
255,0.0,Mon Dec 25 01:37:01 +0000 2017,1.0,0.0,0.0,56,@CNN
256,0.0,Mon Dec 25 01:30:16 +0000 2017,1.0,0.0,0.0,57,@CNN
257,0.0,Mon Dec 25 01:23:06 +0000 2017,1.0,0.0,0.0,58,@CNN
258,-0.2732,Mon Dec 25 01:13:41 +0000 2017,0.811,0.189,0.0,59,@CNN
259,0.0,Mon Dec 25 01:01:11 +0000 2017,1.0,0.0,0.0,60,@CNN
260,0.875,Mon Dec 25 04:38:26 +0000 2017,0.375,0.0,0.625,61,@CNN
261,0.6705,Mon Dec 25 04:30:48 +0000 2017,0.533,0.111,0.356,62,@CNN
262,0.0,Mon Dec 25 04:23:41 +0000 2017,1.0,0.0,0.0,63,@CNN
263,0.0,Mon Dec 25 04:09:37 +0000 2017,1.0,0.0,0.0,64,@CNN
264,0.0,Mon Dec 25 04:00:21 +0000 2017,1.0,0.0,0.0,65,@CNN
265,-0.5994,Mon Dec 25 03:37:23 +0000 2017,0.738,0.262,0.0,66,@CNN
266,0.0,Mon Dec 25 03:30:12 +0000 2017,1.0,0.0,0.0,67,@CNN
267,0.0,Mon Dec 25 03:22:03 +0000 2017,1.0,0.0,0.0,68,@CNN
268,-0.765,Mon Dec 25 03:11:06 +0000 2017,0.613,0.325,0.061,69,@CNN
269,-0.7947,Mon Dec 25 03:00:15 +0000 2017,0.665,0.335,0.0,70,@CNN
270,0.0,Mon Dec 25 02:31:29 +0000 2017,1.0,0.0,0.0,71,@CNN
271,0.25,Mon Dec 25 02:10:33 +0000 2017,0.833,0.0,0.167,72,@CNN
272,0.0,Mon Dec 25 02:00:28 +0000 2017,1.0,0.0,0.0,73,@CNN
273,0.0,Mon Dec 25 01:52:03 +0000 2017,1.0,0.0,0.0,74,@CNN
274,0.0,Mon Dec 25 01:49:14 +0000 2017,1.0,0.0,0.0,75,@CNN
275,0.0,Mon Dec 25 01:37:01 +0000 2017,1.0,0.0,0.0,76,@CNN
276,0.0,Mon Dec 25 01:30:16 +0000 2017,1.0,0.0,0.0,77,@CNN
277,0.0,Mon Dec 25 01:23:06 +0000 2017,1.0,0.0,0.0,78,@CNN
278,-0.2732,Mon Dec 25 01:13:41 +0000 2017,0.811,0.189,0.0,79,@CNN
279,0.0,Mon Dec 25 01:01:11 +0000 2017,1.0,0.0,0.0,80,@CNN
280,0.875,Mon Dec 25 04:38:26 +0000 2017,0.375,0.0,0.625,81,@CNN
281,0.6705,Mon Dec 25 04:30:48 +0000 2017,0.533,0.111,0.356,82,@CNN
282,0.0,Mon Dec 25 04:23:41 +0000 2017,1.0,0.0,0.0,83,@CNN
283,0.0,Mon Dec 25 04:09:37 +0000 2017,1.0,0.0,0.0,84,@CNN
284,0.0,Mon Dec 25 04:00:21 +0000 2017,1.0,0.0,0.0,85,@CNN
285,-0.5994,Mon Dec 25 03:37:23 +0000 2017,0.738,0.262,0.0,86,@CNN
286,0.0,Mon Dec 25 03:30:12 +0000 2017,1.0,0.0,0.0,87,@CNN
287,0.0,Mon Dec 25 03:22:03 +0000 2017,1.0,0.0,0.0,88,@CNN
288,-0.765,Mon Dec 25 03:11:06 +0000 2017,0.613,0.325,0.061,89,@CNN
289,-0.7947,Mon Dec 25 03:00:15 +0000 2017,0.665,0.335,0.0,90,@CNN
290,0.0,Mon Dec 25 02:31:29 +0000 2017,1.0,0.0,0.0,91,@CNN
291,0.25,Mon Dec 25 02:10:33 +0000 2017,0.833,0.0,0.167,92,@CNN
292,0.0,Mon Dec 25 02:00:28 +0000 2017,1.0,0.0,0.0,93,@CNN
293,0.0,Mon Dec 25 01:52:03 +0000 2017,1.0,0.0,0.0,94,@CNN
294,0.0,Mon Dec 25 01:49:14 +0000 2017,1.0,0.0,0.0,95,@CNN
295,0.0,Mon Dec 25 01:37:01 +0000 2017,1.0,0.0,0.0,96,@CNN
296,0.0,Mon Dec 25 01:30:16 +0000 2017,1.0,0.0,0.0,97,@CNN
297,0.0,Mon Dec 25 01:23:06 +0000 2017,1.0,0.0,0.0,98,@CNN
298,-0.2732,Mon Dec 25 01:13:41 +0000 2017,0.811,0.189,0.0,99,@CNN
299,0.0,Mon Dec 25 01:01:11 +0000 2017,1.0,0.0,0.0,100,@CNN
300,0.3612,Sat Dec 23 11:22:48 +0000 2017,0.545,0.0,0.455,1,@Fox
301,0.0,Sat Dec 23 07:50:56 +0000 2017,1.0,0.0,0.0,2,@Fox
302,0.7073,Sat Dec 23 07:28:18 +0000 2017,0.787,0.0,0.213,3,@Fox
303,-0.7783,Sat Dec 23 06:30:57 +0000 2017,0.702,0.298,0.0,4,@Fox
304,0.0258,Sat Dec 23 06:26:12 +0000 2017,0.948,0.0,0.052,5,@Fox
305,-0.4939,Sat Dec 23 06:24:25 +0000 2017,0.572,0.262,0.166,6,@Fox
306,0.7178,Sat Dec 23 06:04:30 +0000 2017,0.647,0.0,0.353,7,@Fox
307,0.6697,Sat Dec 23 03:02:54 +0000 2017,0.609,0.11,0.281,8,@Fox
308,-0.3919,Sat Dec 23 01:37:29 +0000 2017,0.575,0.267,0.158,9,@Fox
309,0.0,Sat Dec 23 01:35:57 +0000 2017,1.0,0.0,0.0,10,@Fox
310,0.0,Sat Dec 23 01:35:46 +0000 2017,1.0,0.0,0.0,11,@Fox
311,0.8074,Sat Dec 23 01:34:57 +0000 2017,0.659,0.08,0.261,12,@Fox
312,0.0,Sat Dec 23 01:34:08 +0000 2017,1.0,0.0,0.0,13,@Fox
313,0.5994,Sat Dec 23 01:31:48 +0000 2017,0.62,0.0,0.38,14,@Fox
314,-0.5622,Fri Dec 22 23:48:59 +0000 2017,0.718,0.195,0.087,15,@Fox
315,0.0,Fri Dec 22 23:45:59 +0000 2017,1.0,0.0,0.0,16,@Fox
316,-0.296,Fri Dec 22 21:31:51 +0000 2017,0.891,0.109,0.0,17,@Fox
317,0.0,Fri Dec 22 08:31:09 +0000 2017,1.0,0.0,0.0,18,@Fox
318,0.0,Fri Dec 22 00:02:10 +0000 2017,1.0,0.0,0.0,19,@Fox
319,-0.296,Thu Dec 21 09:28:38 +0000 2017,0.645,0.355,0.0,20,@Fox
320,0.3612,Sat Dec 23 11:22:48 +0000 2017,0.545,0.0,0.455,21,@Fox
321,0.0,Sat Dec 23 07:50:56 +0000 2017,1.0,0.0,0.0,22,@Fox
322,0.7073,Sat Dec 23 07:28:18 +0000 2017,0.787,0.0,0.213,23,@Fox
323,-0.7783,Sat Dec 23 06:30:57 +0000 2017,0.702,0.298,0.0,24,@Fox
324,0.0258,Sat Dec 23 06:26:12 +0000 2017,0.948,0.0,0.052,25,@Fox
325,-0.4939,Sat Dec 23 06:24:25 +0000 2017,0.572,0.262,0.166,26,@Fox
326,0.7178,Sat Dec 23 06:04:30 +0000 2017,0.647,0.0,0.353,27,@Fox
327,0.6697,Sat Dec 23 03:02:54 +0000 2017,0.609,0.11,0.281,28,@Fox
328,-0.3919,Sat Dec 23 01:37:29 +0000 2017,0.575,0.267,0.158,29,@Fox
329,0.0,Sat Dec 23 01:35:57 +0000 2017,1.0,0.0,0.0,30,@Fox
330,0.0,Sat Dec 23 01:35:46 +0000 2017,1.0,0.0,0.0,31,@Fox
331,0.8074,Sat Dec 23 01:34:57 +0000 2017,0.659,0.08,0.261,32,@Fox
332,0.0,Sat Dec 23 01:34:08 +0000 2017,1.0,0.0,0.0,33,@Fox
333,0.5994,Sat Dec 23 01:31:48 +0000 2017,0.62,0.0,0.38,34,@Fox
334,-0.5622,Fri Dec 22 23:48:59 +0000 2017,0.718,0.195,0.087,35,@Fox
335,0.0,Fri Dec 22 23:45:59 +0000 2017,1.0,0.0,0.0,36,@Fox
336,-0.296,Fri Dec 22 21:31:51 +0000 2017,0.891,0.109,0.0,37,@Fox
337,0.0,Fri Dec 22 08:31:09 +0000 2017,1.0,0.0,0.0,38,@Fox
338,0.0,Fri Dec 22 00:02:10 +0000 2017,1.0,0.0,0.0,39,@Fox
339,-0.296,Thu Dec 21 09:28:38 +0000 2017,0.645,0.355,0.0,40,@Fox
340,0.3612,Sat Dec 23 11:22:48 +0000 2017,0.545,0.0,0.455,41,@Fox
341,0.0,Sat Dec 23 07:50:56 +0000 2017,1.0,0.0,0.0,42,@Fox
342,0.7073,Sat Dec 23 07:28:18 +0000 2017,0.787,0.0,0.213,43,@Fox
343,-0.7783,Sat Dec 23 06:30:57 +0000 2017,0.702,0.298,0.0,44,@Fox
344,0.0258,Sat Dec 23 06:26:12 +0000 2017,0.948,0.0,0.052,45,@Fox
345,-0.4939,Sat Dec 23 06:24:25 +0000 2017,0.572,0.262,0.166,46,@Fox
346,0.7178,Sat Dec 23 06:04:30 +0000 2017,0.647,0.0,0.353,47,@Fox
347,0.6697,Sat Dec 23 03:02:54 +0000 2017,0.609,0.11,0.281,48,@Fox
348,-0.3919,Sat Dec 23 01:37:29 +0000 2017,0.575,0.267,0.158,49,@Fox
349,0.0,Sat Dec 23 01:35:57 +0000 2017,1.0,0.0,0.0,50,@Fox
350,0.0,Sat Dec 23 01:35:46 +0000 2017,1.0,0.0,0.0,51,@Fox
351,0.8074,Sat Dec 23 01:34:57 +0000 2017,0.659,0.08,0.261,52,@Fox
352,0.0,Sat Dec 23 01:34:08 +0000 2017,1.0,0.0,0.0,53,@Fox
353,0.5994,Sat Dec 23 01:31:48 +0000 2017,0.62,0.0,0.38,54,@Fox
354,-0.5622,Fri Dec 22 23:48:59 +0000 2017,0.718,0.195,0.087,55,@Fox
355,0.0,Fri Dec 22 23:45:59 +0000 2017,1.0,0.0,0.0,56,@Fox
356,-0.296,Fri Dec 22 21:31:51 +0000 2017,0.891,0.109,0.0,57,@Fox
357,0.0,Fri Dec 22 08:31:09 +0000 2017,1.0,0.0,0.0,58,@Fox
358,0.0,Fri Dec 22 00:02:10 +0000 2017,1.0,0.0,0.0,59,@Fox
359,-0.296,Thu Dec 21 09:28:38 +0000 2017,0.645,0.355,0.0,60,@Fox
360,0.3612,Sat Dec 23 11:22:48 +0000 2017,0.545,0.0,0.455,61,@Fox
361,0.0,Sat Dec 23 07:50:56 +0000 2017,1.0,0.0,0.0,62,@Fox
362,0.7073,Sat Dec 23 07:28:18 +0000 2017,0.787,0.0,0.213,63,@Fox
363,-0.7783,Sat Dec 23 06:30:57 +0000 2017,0.702,0.298,0.0,64,@Fox
364,0.0258,Sat Dec 23 06:26:12 +0000 2017,0.948,0.0,0.052,65,@Fox
365,-0.4939,Sat Dec 23 06:24:25 +0000 2017,0.572,0.262,0.166,66,@Fox
366,0.7178,Sat Dec 23 06:04:30 +0000 2017,0.647,0.0,0.353,67,@Fox
367,0.6697,Sat Dec 23 03:02:54 +0000 2017,0.609,0.11,0.281,68,@Fox
368,-0.3919,Sat Dec 23 01:37:29 +0000 2017,0.575,0.267,0.158,69,@Fox
369,0.0,Sat Dec 23 01:35:57 +0000 2017,1.0,0.0,0.0,70,@Fox
370,0.0,Sat Dec 23 01:35:46 +0000 2017,1.0,0.0,0.0,71,@Fox
371,0.8074,Sat Dec 23 01:34:57 +0000 2017,0.659,0.08,0.261,72,@Fox
372,0.0,Sat Dec 23 01:34:08 +0000 2017,1.0,0.0,0.0,73,@Fox
373,0.5994,Sat Dec 23 01:31:48 +0000 2017,0.62,0.0,0.38,74,@Fox
374,-0.5622,Fri Dec 22 23:48:59 +0000 2017,0.718,0.195,0.087,75,@Fox
375,0.0,Fri Dec 22 23:45:59 +0000 2017,1.0,0.0,0.0,76,@Fox
376,-0.296,Fri Dec 22 21:31:51 +0000 2017,0.891,0.109,0.0,77,@Fox
377,0.0,Fri Dec 22 08:31:09 +0000 2017,1.0,0.0,0.0,78,@Fox
378,0.0,Fri Dec 22 00:02:10 +0000 2017,1.0,0.0,0.0,79,@Fox
379,-0.296,Thu Dec 21 09:28:38 +0000 2017,0.645,0.355,0.0,80,@Fox
380,0.3612,Sat Dec 23 11:22:48 +0000 2017,0.545,0.0,0.455,81,@Fox
381,0.0,Sat Dec 23 07:50:56 +0000 2017,1.0,0.0,0.0,82,@Fox
382,0.7073,Sat Dec 23 07:28:18 +0000 2017,0.787,0.0,0.213,83,@Fox
383,-0.7783,Sat Dec 23 06:30:57 +0000 2017,0.702,0.298,0.0,84,@Fox
384,0.0258,Sat Dec 23 06:26:12 +0000 2017,0.948,0.0,0.052,85,@Fox
385,-0.4939,Sat Dec 23 06:24:25 +0000 2017,0.572,0.262,0.166,86,@Fox
386,0.7178,Sat Dec 23 06:04:30 +0000 2017,0.647,0.0,0.353,87,@Fox
387,0.6697,Sat Dec 23 03:02:54 +0000 2017,0.609,0.11,0.281,88,@Fox
388,-0.3919,Sat Dec 23 01:37:29 +0000 2017,0.575,0.267,0.158,89,@Fox
389,0.0,Sat Dec 23 01:35:57 +0000 2017,1.0,0.0,0.0,90,@Fox
390,0.0,Sat Dec 23 01:35:46 +0000 2017,1.0,0.0,0.0,91,@Fox
391,0.8074,Sat Dec 23 01:34:57 +0000 2017,0.659,0.08,0.261,92,@Fox
392,0.0,Sat Dec 23 01:34:08 +0000 2017,1.0,0.0,0.0,93,@Fox
393,0.5994,Sat Dec 23 01:31:48 +0000 2017,0.62,0.0,0.38,94,@Fox
394,-0.5622,Fri Dec 22 23:48:59 +0000 2017,0.718,0.195,0.087,95,@Fox
395,0.0,Fri Dec 22 23:45:59 +0000 2017,1.0,0.0,0.0,96,@Fox
396,-0.296,Fri Dec 22 21:31:51 +0000 2017,0.891,0.109,0.0,97,@Fox
397,0.0,Fri Dec 22 08:31:09 +0000 2017,1.0,0.0,0.0,98,@Fox
398,0.0,Fri Dec 22 00:02:10 +0000 2017,1.0,0.0,0.0,99,@Fox
399,-0.296,Thu Dec 21 09:28:38 +0000 2017,0.645,0.355,0.0,100,@Fox
400,0.4199,Tue Dec 12 02:01:41 +0000 2017,0.642,0.0,0.358,1,@New York times
401,0.7096,Tue Dec 12 01:46:44 +0000 2017,0.404,0.0,0.596,2,@New York times
402,0.8807,Tue Dec 12 00:36:30 +0000 2017,0.595,0.0,0.405,3,@New York times
403,0.5574,Tue Dec 12 00:36:25 +0000 2017,0.783,0.0,0.217,4,@New York times
404,0.6705,Tue Dec 12 00:35:59 +0000 2017,0.476,0.0,0.524,5,@New York times
405,0.7824,Tue Dec 12 00:35:54 +0000 2017,0.623,0.0,0.377,6,@New York times
406,0.743,Tue Dec 12 00:35:48 +0000 2017,0.717,0.0,0.283,7,@New York times
407,0.5719,Tue Dec 12 00:35:43 +0000 2017,0.802,0.0,0.198,8,@New York times
408,-0.34,Tue Dec 12 00:35:38 +0000 2017,0.556,0.278,0.167,9,@New York times
409,0.0,Tue Dec 12 00:34:45 +0000 2017,0.0,0.0,0.0,10,@New York times
410,0.0,Tue Dec 12 00:34:39 +0000 2017,0.0,0.0,0.0,11,@New York times
411,0.0,Tue Dec 12 00:34:34 +0000 2017,0.0,0.0,0.0,12,@New York times
412,0.0,Tue Dec 12 00:34:28 +0000 2017,0.0,0.0,0.0,13,@New York times
413,0.0,Tue Dec 12 00:34:23 +0000 2017,0.0,0.0,0.0,14,@New York times
414,0.0,Tue Dec 12 00:34:17 +0000 2017,0.0,0.0,0.0,15,@New York times
415,0.0,Tue Dec 12 00:34:12 +0000 2017,0.0,0.0,0.0,16,@New York times
416,0.7067,Sat Dec 09 18:18:18 +0000 2017,0.755,0.0,0.245,17,@New York times
417,0.4199,Tue Dec 12 02:01:41 +0000 2017,0.642,0.0,0.358,18,@New York times
418,0.7096,Tue Dec 12 01:46:44 +0000 2017,0.404,0.0,0.596,19,@New York times
419,0.8807,Tue Dec 12 00:36:30 +0000 2017,0.595,0.0,0.405,20,@New York times
420,0.5574,Tue Dec 12 00:36:25 +0000 2017,0.783,0.0,0.217,21,@New York times
421,0.6705,Tue Dec 12 00:35:59 +0000 2017,0.476,0.0,0.524,22,@New York times
422,0.7824,Tue Dec 12 00:35:54 +0000 2017,0.623,0.0,0.377,23,@New York times
423,0.743,Tue Dec 12 00:35:48 +0000 2017,0.717,0.0,0.283,24,@New York times
424,0.5719,Tue Dec 12 00:35:43 +0000 2017,0.802,0.0,0.198,25,@New York times
425,-0.34,Tue Dec 12 00:35:38 +0000 2017,0.556,0.278,0.167,26,@New York times
426,0.0,Tue Dec 12 00:34:45 +0000 2017,0.0,0.0,0.0,27,@New York times
427,0.0,Tue Dec 12 00:34:39 +0000 2017,0.0,0.0,0.0,28,@New York times
428,0.0,Tue Dec 12 00:34:34 +0000 2017,0.0,0.0,0.0,29,@New York times
429,0.0,Tue Dec 12 00:34:28 +0000 2017,0.0,0.0,0.0,30,@New York times
430,0.0,Tue Dec 12 00:34:23 +0000 2017,0.0,0.0,0.0,31,@New York times
431,0.0,Tue Dec 12 00:34:17 +0000 2017,0.0,0.0,0.0,32,@New York times
432,0.0,Tue Dec 12 00:34:12 +0000 2017,0.0,0.0,0.0,33,@New York times
433,0.7067,Sat Dec 09 18:18:18 +0000 2017,0.755,0.0,0.245,34,@New York times
434,0.4199,Tue Dec 12 02:01:41 +0000 2017,0.642,0.0,0.358,35,@New York times
435,0.7096,Tue Dec 12 01:46:44 +0000 2017,0.404,0.0,0.596,36,@New York times
436,0.8807,Tue Dec 12 00:36:30 +0000 2017,0.595,0.0,0.405,37,@New York times
437,0.5574,Tue Dec 12 00:36:25 +0000 2017,0.783,0.0,0.217,38,@New York times
438,0.6705,Tue Dec 12 00:35:59 +0000 2017,0.476,0.0,0.524,39,@New York times
439,0.7824,Tue Dec 12 00:35:54 +0000 2017,0.623,0.0,0.377,40,@New York times
440,0.743,Tue Dec 12 00:35:48 +0000 2017,0.717,0.0,0.283,41,@New York times
441,0.5719,Tue Dec 12 00:35:43 +0000 2017,0.802,0.0,0.198,42,@New York times
442,-0.34,Tue Dec 12 00:35:38 +0000 2017,0.556,0.278,0.167,43,@New York times
443,0.0,Tue Dec 12 00:34:45 +0000 2017,0.0,0.0,0.0,44,@New York times
444,0.0,Tue Dec 12 00:34:39 +0000 2017,0.0,0.0,0.0,45,@New York times
445,0.0,Tue Dec 12 00:34:34 +0000 2017,0.0,0.0,0.0,46,@New York times
446,0.0,Tue Dec 12 00:34:28 +0000 2017,0.0,0.0,0.0,47,@New York times
447,0.0,Tue Dec 12 00:34:23 +0000 2017,0.0,0.0,0.0,48,@New York times
448,0.0,Tue Dec 12 00:34:17 +0000 2017,0.0,0.0,0.0,49,@New York times
449,0.0,Tue Dec 12 00:34:12 +0000 2017,0.0,0.0,0.0,50,@New York times
450,0.7067,Sat Dec 09 18:18:18 +0000 2017,0.755,0.0,0.245,51,@New York times
451,0.4199,Tue Dec 12 02:01:41 +0000 2017,0.642,0.0,0.358,52,@New York times
452,0.7096,Tue Dec 12 01:46:44 +0000 2017,0.404,0.0,0.596,53,@New York times
453,0.8807,Tue Dec 12 00:36:30 +0000 2017,0.595,0.0,0.405,54,@New York times
454,0.5574,Tue Dec 12 00:36:25 +0000 2017,0.783,0.0,0.217,55,@New York times
455,0.6705,Tue Dec 12 00:35:59 +0000 2017,0.476,0.0,0.524,56,@New York times
456,0.7824,Tue Dec 12 00:35:54 +0000 2017,0.623,0.0,0.377,57,@New York times
457,0.743,Tue Dec 12 00:35:48 +0000 2017,0.717,0.0,0.283,58,@New York times
458,0.5719,Tue Dec 12 00:35:43 +0000 2017,0.802,0.0,0.198,59,@New York times
459,-0.34,Tue Dec 12 00:35:38 +0000 2017,0.556,0.278,0.167,60,@New York times
460,0.0,Tue Dec 12 00:34:45 +0000 2017,0.0,0.0,0.0,61,@New York times
461,0.0,Tue Dec 12 00:34:39 +0000 2017,0.0,0.0,0.0,62,@New York times
462,0.0,Tue Dec 12 00:34:34 +0000 2017,0.0,0.0,0.0,63,@New York times
463,0.0,Tue Dec 12 00:34:28 +0000 2017,0.0,0.0,0.0,64,@New York times
464,0.0,Tue Dec 12 00:34:23 +0000 2017,0.0,0.0,0.0,65,@New York times
465,0.0,Tue Dec 12 00:34:17 +0000 2017,0.0,0.0,0.0,66,@New York times
466,0.0,Tue Dec 12 00:34:12 +0000 2017,0.0,0.0,0.0,67,@New York times
467,0.7067,Sat Dec 09 18:18:18 +0000 2017,0.755,0.0,0.245,68,@New York times
468,0.4199,Tue Dec 12 02:01:41 +0000 2017,0.642,0.0,0.358,69,@New York times
469,0.7096,Tue Dec 12 01:46:44 +0000 2017,0.404,0.0,0.596,70,@New York times
470,0.8807,Tue Dec 12 00:36:30 +0000 2017,0.595,0.0,0.405,71,@New York times
471,0.5574,Tue Dec 12 00:36:25 +0000 2017,0.783,0.0,0.217,72,@New York times
472,0.6705,Tue Dec 12 00:35:59 +0000 2017,0.476,0.0,0.524,73,@New York times
473,0.7824,Tue Dec 12 00:35:54 +0000 2017,0.623,0.0,0.377,74,@New York times
474,0.743,Tue Dec 12 00:35:48 +0000 2017,0.717,0.0,0.283,75,@New York times
475,0.5719,Tue Dec 12 00:35:43 +0000 2017,0.802,0.0,0.198,76,@New York times
476,-0.34,Tue Dec 12 00:35:38 +0000 2017,0.556,0.278,0.167,77,@New York times
477,0.0,Tue Dec 12 00:34:45 +0000 2017,0.0,0.0,0.0,78,@New York times
478,0.0,Tue Dec 12 00:34:39 +0000 2017,0.0,0.0,0.0,79,@New York times
479,0.0,Tue Dec 12 00:34:34 +0000 2017,0.0,0.0,0.0,80,@New York times
480,0.0,Tue Dec 12 00:34:28 +0000 2017,0.0,0.0,0.0,81,@New York times
481,0.0,Tue Dec 12 00:34:23 +0000 2017,0.0,0.0,0.0,82,@New York times
482,0.0,Tue Dec 12 00:34:17 +0000 2017,0.0,0.0,0.0,83,@New York times
483,0.0,Tue Dec 12 00:34:12 +0000 2017,0.0,0.0,0.0,84,@New York times
484,0.7067,Sat Dec 09 18:18:18 +0000 2017,0.755,0.0,0.245,85,@New York times
